번호,파일명,Title,Authors,Journal,Year,DOI,URL
1,0000001.pdf,Adipose Tissue Inflammation: Linking Physiological Stressors to Disease Susceptibility,"Barry J. Bradford, G. Andres Contreras",Annual Review of Animal Biosciences,2024 Feb 15:12:261-281,10.1146/annurev-animal-021122-113212,
2,0000002.pdf,Recent Advances in Enteric Methane Mitigation and the Long Road to Sustainable Ruminant Production,"Simon Roques, Gonzalo Martinez-Fernandez, Yuliaxis Ramayo-Caldas, Milka Popova, Stuart Denman, Sarah J. Meale, et al.",Annual Review of Animal Biosciences,2024 Feb 15:12:321-343,10.1146/annurev-animal-021022-024931,
3,0000003.pdf,"Illuminating the Mysteries of the Smallest Birds: Hummingbird Population Health, Disease Ecology, and Genomics","Holly B. Ernest, Lisa A. Tell, Christine A. Bishop, Ana M. González, Emily R. Lumsdaine",Annual Review of Animal Biosciences,2024 Feb 15:12:161-185,10.1146/annurev-animal-021022-044308,
4,0000004.pdf,Biology and Cultural Importance of the Narwhal,Martin T. Nweeia,Annual Review of Animal Biosciences,2024 Feb 15:12:187-208,10.1146/annurev-animal-021122-112307,
5,0000005.pdf,Advocating for Generalizability: Accepting Inherent Variability in Translation of Animal Research Outcomes,"F.C.Hankenson, E.M.Prager, B.R.Berridge",Annual Review of Animal Biosciences,2024 Feb 15:12:391-410,10.1146/annurev-animal-021022-043531,
6,0000006.pdf,Advances in Managing Chytridiomycosis for Australian Frogs: Gradarius Firmus Victoria,"Lee Berger, Lee F. Skerratt, Tiffany A. Kosch, Laura A. Brannelly, Rebecca J. Webb, Anthony W. Waddle",Annual Review of Animal Biosciences,2024 Feb 15:12:113-133,10.1146/annurev-animal-021122-100823,
7,0000007.pdf,Future of Immune Modulation in Animal Agriculture,"Jodi L. McGill, Crystal L. Loving, Marcus E. Kehrli Jr., Anthony W. Waddle",Annual Review of Animal Biosciences,2024 Feb 15:12:113-133,10.1146/annurev-animal-021122-100823,
8,0000008.pdf,Pregnancy Establishment and Diagnosis in Livestock,"Troy L. Ott, Ahmed Tibary, Muhammad Waqas, Rodney Geisert, Julio Giordano, Anthony W. Waddle",Annual Review of Animal Biosciences,2025 Feb;13(1):211-232,10.1146/annurev-animal-021022-032214,
9,0000009.pdf,Improving Nutrition Security in Low- and Middle-Income Countries and the Role of Animal-Source Foods,"Fevi Rose Paro, Roselyn Davour, Daniel Acosta, Karah Mechlowitz, Chhavi Tiwari, Sarah L. McKune",Annual Review of Animal Biosciences,2025 Feb;13(1):211-232,10.1146/annurev-animal-021022-032214,
10,0000010.pdf,No More Extinctions: Recovering Australia's Biodiversity,"John C.Z. Woinarski, Stephen T. Garnett, Sarah M. Legge",Annual Review of Animal Biosciences,2025 Feb;13(1):507-528,10.1146/annurev-animal-111523-102004,
11,0000011.pdf,An Evolutionary Perspective on Dog Behavioral Genetics,"Kathryn A. Lord, Frances L. Chen, Elinor K. Karlsson",Annual Review of Animal Biosciences,2025 Feb;13(1):167-188,10.1146/annurev-animal-111523-101954,
12,0000012.pdf,Translational Relevance and Future Integration of the Oncopig Cancer Model in Preclinical Applications,"Lobna Elkhadragy, Ron C. Gaba, Matthew M. Niemeyer, Lawrence B. Schook, Kyle M. Schachtschneider",Annual Review of Animal Biosciences,2025 Feb;13(1):465-481,10.1146/annurev-animal-111523-102125,
13,0000013.pdf,Integrated Genomic Approaches to Characterize and Mitigate Heat Stress in Poultry,"Carl J. Schmidt, Susan J. Lamont",Annual Review of Animal Biosciences,2025 Feb;13(1):121-141,10.1146/annurev-animal-111523-102021,
14,0000014.pdf,Parasites in a Changing World: Troublesome or in Trouble?,Chelsea L. Wood,Annual Review of Animal Biosciences,2025 Feb;13(1):303-323,10.1146/annurev-animal-111523-102039,
15,0000015.pdf,Progress Toward Genetic Rescue of the Northern White Rhinoceros (Ceratotherium simum cottoni),"Marisa L. Korody, Thomas B. Hildebrandt",Annual Review of Animal Biosciences,2025 Feb;13(1):483-505,10.1146/annurev-animal-111523-102158,
16,0000016.pdf,Reproductive and Metabolic Health Following Exposure to Environmental Chemicals: Mechanistic Insights from Mammalian Models,"Michelle Bellingham, Neil P. Evans, Richard G. Lea, Vasantha Padmanabhan, Kevin D. Sinclair",Annual Review of Animal Biosciences,2025 Feb;13(1):483-505,10.1146/annurev-animal-111523-102158,
17,0000017.pdf,Evolution of 3D Chromatin Folding,"Lucía Álvarez-González, Aurora Ruiz-Herrera",Annual Review of Animal Biosciences,2025 Feb;13(1):49-71,10.1146/annurev-animal-111523-102233,
18,0000018.pdf,"Ruminating on Bovine Implantation: Its Importance in Fertility, Food Production, Conservation, and Health","Olga Amelkina, Samantha Gardner, Jessica C. Edge, Zenab Butt, Haidee Tinning, Niamh Forde",Annual Review of Animal Biosciences,2025 Feb;13(1):143-165,10.1146/annurev-animal-111523-102403,
19,0000019.pdf,"Chromosome Engineering: Technologies, Applications, and Challenges","Yihuan Mao, Yulong Zhao, Qi Zhou, Wei Li",Annual Review of Animal Biosciences,2025 Feb;13(1):25-47,10.1146/annurev-animal-111523-102225,
20,0000020.pdf,Rumen-Targeted Mining of Enzymes for Bioenergy Production,"Isaac Cann, Yanfen Cheng, Manal A.B. Alhawsawi, Mallory Moran, Yuqi Li, Tian Gong, Weiyun Zhu, Roderick I. Mackie",Annual Review of Animal Biosciences,2025 Feb;13(1):343-369,10.1146/annurev-animal-021022-030040,
21,0000021.pdf,"A One Health Approach to Reducing Livestock Disease Prevalence in Developing Countries: Advances, Challenges, and Prospects","Jennifer K. Lane, Terra Kelly, Brian Bird, Erika Chenais, Annette Roug, Gema Vidal, et al.",Annual Review of Animal Biosciences,2025 Feb;13(1):277-302,10.1146/annurev-animal-111523-102133,
22,0000022.pdf,The Path to Net-Zero in Dairy Production: Are Pronounced Decreases in Enteric Methane Achievable?,"Karen A. Beauchemin, Ermias Kebreab, Michelle Cain, Michael J. VandeHaar",Annual Review of Animal Biosciences,2025 Feb;13(1):325-341,10.1146/annurev-animal-010324-113703,
23,0000023.pdf,Convergent Evolution of Pregnancy in Vertebrates,"Camilla M. Whittington, Mitchell J. Hodgson, Christopher R. Friesen",Annual Review of Animal Biosciences,2025 Feb;13(1):189-209,10.1146/annurev-animal-111523-102029,
24,0000024.pdf,A Passion for Small Things and Staying Primed: My Career in Virology and Immunology,Linda J Saif,Annual Review of Animal Biosciences,2025 Feb;13(1):1-24,10.1146/annurev-animal-111523-101937,
25,0000025.pdf,The Geometric Framework for Nutrition and Its Application to Rodent Models,"Alistair M. Senior, David Raubenheimer, David G. Le Couteur, Stephen J. Simpson",Annual Review of Animal Biosciences,2025 Feb;13(1):389-410,10.1146/annurev-animal-111523-102327,
26,0000026.pdf,Molecular Innovations Shaping Beak Morphology in Birds,"Yalin Cheng, Matthew J. Miller, Fumin Lei",Annual Review of Animal Biosciences,2025 Feb;13(1):99-119,10.1146/annurev-animal-030424-074906,
27,0000027.pdf,The Rhesus Macaque as an Animal Model for Human Nutrition: An Ecological-Evolutionary Perspective,"Zhenwei Cui, Yunlong Dong, Jonathan Sholl, Jiqi Lu, David Raubenheimer",Annual Review of Animal Biosciences,2025 Feb;13(1):441-464,10.1146/annurev-animal-111523-102354,
28,0000028.pdf,"Lipotoxicity and Oocyte Quality in Mammals: Pathogenesis, Consequences, and Reversibility","Ben Meulders, Waleed F.A. Marei, Lien Loier, Jo L.M.R. Leroy",Annual Review of Animal Biosciences,2025 Feb;13(1):233-254,10.1146/annurev-animal-111523-102249,
29,0000029.pdf,Advances in Organ and Tissue Xenotransplantation,"Asghar Ali, Elisabeth Kemter, Eckhard Wolf",Annual Review of Animal Biosciences,2024 Feb 15:12:369-390,10.1146/annurev-animal-021122-102606,
30,0000030.pdf,How Fish Population Genomics Can Promote Sustainable Fisheries : A Road Map,"Andersson L, Bekkevold D, Berg F, Farrell ED, Felkel S, Ferreira MS, et al.",Annual Review of Animal Biosciences,2024 Feb 15;12:1-20,10.1146/annurev-animal-021122-102933,
31,0000031.pdf,Conservation Genomics and Metagenomics of Giant and Red Pandas in the Wild,"Yisi Hu, Yibo Hu, Wenliang Zhou, Fuwen Wei",Annual Review of Animal Biosciences,2024 Feb 15:12:69-89,10.1146/annurev-animal-021022-054730,
32,0000032.pdf,Diversity and Convergence of Sex-Determination Mechanisms in Teleost Fish,"Jun Kitano, Satoshi Ansai, Yusuke Takehana, Yoji Yamamoto",Annual Review of Animal Biosciences,2024 Feb 15:12:233-259,10.1146/annurev-animal-021122-113935,
33,0000033.pdf,How Can Genomics Help or Hinder Wildlife Conservation?,"Thomas L Schmidt, Joshua A Thia, Ary A Hoffmann",Annual Review of Animal Biosciences,2024 Feb 15:12:45-68,10.1146/annurev-animal-021022-051810,
34,0000034.pdf,The Distinctive Biology and Characteristics of the Bare-Nosed Wombat (Vombatus ursinus),"Scott Carver, Georgia L Stannard, Alynn M Martin",Annual Review of Animal Biosciences,2024 Feb 15:12:135-160,10.1146/annurev-animal-021022-042133,
35,0000035.pdf,Extensive Recoding of the Neural Proteome in Cephalopods by RNA Editing,"Joshua J C Rosenthal, Eli Eisenberg",Annual Review of Animal Biosciences,2023 Feb 15:11:57-75,10.1146/annurev-animal-060322-114534,
36,0000036.pdf,"Animal Models, Zoonotic Reservoirs, and Cross-Species Transmission of Emerging Human-Infecting Coronaviruses","Yakhouba Kane, Gary Wong, George F Gao",Annual Review of Animal Biosciences,2023 Feb 15:11:1-31,10.1146/annurev-animal-020420-025011,
37,0000037.pdf,A Review of Indigenous Perspectives in Animal Biosciences,"Kelsey Dayle John, Gilbert H John",Annual Review of Animal Biosciences,2023 Feb 15:11:307-319,10.1146/annurev-animal-051622-091935,
38,0000038.pdf,Domestic Animals as Potential Reservoirs of Zoonotic Viral Diseases,"Oyewale Tomori, Daniel O. Oluwayelu",Annual Review of Animal Biosciences,2023 Feb 15:11:33-55,10.1146/annurev-animal-062922-060125,
39,0000039.pdf,Poaching Forensics: Animal Victims in the Courtroom,Cindy K Harper,Annual Review of Animal Biosciences,2023 Feb 15:11:269-286,10.1146/annurev-animal-070722-084803,
40,0000040.pdf,Biologging and Biotelemetry: Tools for Understanding the Lives and Environments of Marine Animals,"Yuuki Y Watanabe, Yannis P Papastamatiou",Annual Review of Animal Biosciences,2023 Feb 15:11:247-267,10.1146/annurev-animal-050322-073657,
41,0000041.pdf,Scientific Validation of Cannabidiol for Management of Dog and Cat Diseases,"Isabella Corsato Alvarenga, Kiran S Panickar, Hannah Hess, Stephanie McGrath",Annual Review of Animal Biosciences,2023 Feb 15:11:227-246,10.1146/annurev-animal-081122-070236,
42,0000042.pdf,Evolution of Vertebrate Hormones and Their Receptors: Insights from Non-Osteichthyan Genomes,"Shigehiro Kuraku, Hiroyuki Kaiya, Tomohiro Tanaka, Susumu Hyodo",Annual Review of Animal Biosciences,2023 Feb 15:11:163-182,10.1146/annurev-animal-050922-071351,
43,0000043.pdf,Population Genomics for Insect Conservation,"Matthew T Webster, Alexis Beaurepaire, Peter Neumann, Eckart Stolle",Annual Review of Animal Biosciences,2023 Feb 15:11:115-140,10.1146/annurev-animal-122221-075025,
44,0000044.pdf,Deleterious Variation in Natural Populations and Implications for Conservation Genetics,"Jacqueline Robinson, Christopher C Kyriazis, Stella C Yuan, Kirk E Lohmueller",Annual Review of Animal Biosciences,2023 Feb 15:11:93-114,10.1146/annurev-animal-080522-093311,
45,0000045.pdf,The Naked Mole-Rat as a Model for Healthy Aging,"Kaori Oka, Masanori Yamakawa, Yoshimi Kawamura, Nobuyuki Kutsukake, Kyoko Miura",Annual Review of Animal Biosciences,2023 Feb 15:11:207-226,10.1146/annurev-animal-050322-074744,
46,0000046.pdf,The Role of Zoos and Aquariums in a Changing World,"Rafael Miranda, Nora Escribano, Maria Casas, Andrea Pino-Del-Carpio, Ana Vi",Annual Review of Animal Biosciences,2023 Feb 15:11:287-306,10.1146/annurev-animal-050622-104306,
47,0000047.pdf,The Biology and Evolution of Fierce Females (Moles and Hyenas),"Rafael Jimenez, Miguel Burgos, Francisco J Barrionuevo",Annual Review of Animal Biosciences,2023 Feb 15:11:141-162,10.1146/annurev-animal-050622-043424,
48,0000048.pdf,Nonhuman Primates in Translational Research,"Alice F Tarantal, Stephen C Noctor, Dennis J Hartigan-O'Connor",Annual Review of Animal Biosciences,2022 Feb 15:10:441-468,10.1146/annurev-animal-021419-083813,
49,0000049.pdf,Dog Models of Aging,"Audrey Ruple, Evan MacLean, Noah Snyder-Mackler, Kate E Creevy, Daniel Promislow",Annual Review of Animal Biosciences,2022 Feb 15:10:419-439,10.1146/annurev-animal-051021-080937,
50,0000050.pdf,Physiological Genomics of Adaptation to High-Altitude Hypoxia,"Jay F Storz, Zachary A Cheviron",Annual Review of Animal Biosciences,2021 Feb 16:9:149-171,10.1146/annurev-animal-072820-102736,
51,0000051.pdf,Genetic Engineering of Livestock: The Opportunity Cost of Regulatory Delay,"Alison L Van Eenennaam, Felipe De Figueiredo Silva, Josephine F Trott, David Zilberman",Annual Review of Animal Biosciences,2021 Feb 16:9:453-478,10.1146/annurev-animal-061220-023052,
52,0000052.pdf,Programmed DNA Elimination in Vertebrates,"Jeramiah J Smith, Vladimir A Timoshevskiy, Cody Saraceno",Annual Review of Animal Biosciences,2021 Feb 16:9:173-201,10.1146/annurev-animal-061220-023220,
53,0000053.pdf,African Swine Fever Epidemiology and Control,"Linda K. Dixon, Karl Stahl, Ferran Jori, Laurence Vial, Dirk U. Pfeiffer",Annual Review of Animal Biosciences,2020 Feb 15:8:221-246,10.1146/annurev-animal-021419-083741,
54,0000054.pdf,Use of Mechanistic Nutrition Models to Identify Sustainable Food Animal Production,"Mark D Hanigan, Veridiana L Daley",Annual Review of Animal Biosciences,2020 Feb 15:8:355-376,10.1146/annurev-animal-021419-083913,
55,0000055.pdf,Regulation of Muscle Growth in Early Postnatal Life in a Swine Model,"Marko Rudar, Marta L Fiorotto, Teresa A Davis",Annual Review of Animal Biosciences,2019 Feb 15:7:309-335,10.1146/annurev-animal-020518-115130,
56,0000056.pdf,Whole-Genome Alignment and Comparative Annotation,"Joel Armstrong, Ian T Fiddes, Mark Diekhans, Benedict Paten",Annual Review of Animal Biosciences,2019 Feb 15:7:41-64,10.1146/annurev-animal-020518-115005,
57,0000057.pdf,Tolerance and Innate Immunity Shape the Development of Postpartum Uterine Disease and the Impact of Endometritis in Dairy Cattle,"I Martin Sheldon, James G Cronin, John J Bromfield",Annual Review of Animal Biosciences,2019 Feb 15:7:361-384,10.1146/annurev-animal-020518-115227,
58,0000058.pdf,Prenatal Steroids and Metabolic Dysfunction: Lessons from Sheep,"Rodolfo C Cardoso, Vasantha Padmanabhan",Annual Review of Animal Biosciences,2019 Feb 15:7:337-360,10.1146/annurev-animal-020518-115154,
59,0000059.pdf,Equine Intestinal Mucosal Pathobiology,"Anthony Blikslager, Liara Gonzalez",Annual Review of Animal Biosciences,2018 Feb 15:6:157-175,10.1146/annurev-animal-030117-014748,
60,0000060.pdf,The Genome 10K Project: a way forward,"Klaus-Peter Koepfli, Benedict Paten, Stephen J O'Brien",Annual Review of Animal Biosciences,2015:3:57-111,10.1146/annurev-animal-090414-014900,
61,0000061.pdf,Clinical Value of Various Histological Factors in Cutaneous and Subcutaneous Mast Cell Tumors in 197 Dogs.,"Boyd K, Dobromylskyj M, Schofield I, O'Neill D, Figueroa C, Davies O.",Journal of Veterinary Internal Medicine,2025 Nov-Dec;39(6):e70244,10.1111/jvim.70244,https://pmc.ncbi.nlm.nih.gov/articles/PMC12528809/
62,0000062.pdf,"Effect of N-Butylscopolammonium Bromide and Metamizol Sodium on Heart Rate, Blood Pressure, and Echocardiographic Measurements in Warmblood Horses With Aortic and Mitral Valve Regurgitation.","Dufourni A, Demeyere M, Vernemmen I, Van Steenkiste G, Verhaeghe LM, van Loon G, Decloedt A.",Journal of Veterinary Internal Medicine,2025 Nov-Dec;39(6):e70254,10.1111/jvim.70254,https://pmc.ncbi.nlm.nih.gov/articles/PMC12511949/
63,0000063.pdf,Effects of the Sodium-Glucose Cotransporter-2 Inhibitor Velagliflozin on Insulin Concentrations in Horses With Insulin Dysregulation.,"Thane K, Voth R, Klee R, Warnken T, Chukwu V, Frank N.",Journal of Veterinary Internal Medicine,2025 Nov-Dec;39(6):e70256,10.1111/jvim.70256,https://pmc.ncbi.nlm.nih.gov/articles/PMC12508266/
64,0000064.pdf,Evaluation of Owner-Reported Clinical Signs and Fecal Occult Blood Tests as Predictors of Equine Gastric Ulcer Syndrome in Competition Dressage Horses.,"Frippiat T, Bonhomme M, Dyson S, Votion DM.",Journal of Veterinary Internal Medicine,2025 Nov-Dec;39(6):e70248,10.1111/jvim.70248,https://pmc.ncbi.nlm.nih.gov/articles/PMC12501954/
65,0000065.pdf,Prognostic Value of Intrarenal Venous Flow Analysis Using Pulsed-Wave Doppler.,"Morita T, Terukina H, Yamasaki M.",Journal of Veterinary Internal Medicine,2025 Nov-Dec;39(6):e70260,10.1111/jvim.70260,https://pmc.ncbi.nlm.nih.gov/articles/PMC12491933/
66,0000066.pdf,"Evaluation of a Rapid, Low-Cost Broth Turbidity Test for Detecting Ampicillin-Resistant Lower Urinary Tract Infections in Dogs and Cats.","Brookshire WC, Ballard L, Collinsgru A, Burnette J, Ferdous K, Park JY, Seo KS.",Journal of Veterinary Internal Medicine,2025 Nov-Dec;39(6):e70259,10.1111/jvim.70259,https://pmc.ncbi.nlm.nih.gov/articles/PMC12489317/
67,0000067.pdf,Treatment With Remdesivir Alone or in Combination With GS-441524 in Cats With Ocular Involvement of Feline Infectious Peritonitis: An Observational Case Series.,"Andrews ALMM, Izaguirre E, Green J, Scurrell E, Gogova S, Tayler S, Kafarnik C.",Journal of Veterinary Internal Medicine,2025 Nov-Dec;39(6):e70253,10.1111/jvim.70253,https://pmc.ncbi.nlm.nih.gov/articles/PMC12489317/
68,0000068.pdf,Reversible Cardio-Renal-Cerebral Syndrome in a Dog: A Case Report.,"Candelario G, Kramer G, Williams B, Seies S, Gaudette N, Patterson Rosa L.",Journal of Veterinary Internal Medicine,2025 Nov-Dec;39(6):e70249,10.1111/jvim.70249,https://pmc.ncbi.nlm.nih.gov/articles/PMC12489177/
69,0000069.pdf,Thoracic Ultrasonography in Calves: A Narrative Review of Techniques and Reporting Practices.,"Lindley G, Donlon J, Buczinski S.",Journal of Veterinary Internal Medicine,2025 Nov-Dec;39(6):e70251,10.1111/jvim.70251,https://pmc.ncbi.nlm.nih.gov/articles/PMC12483840/
70,0000070.pdf,Complementary Muscle Metabolomics and Proteomics of Muscle in Cows With Post-Calving Ketosis.,"Tang T, Zhou J, Shao J, Wang M, Xia S, Sun W, Jia X, Wang J, Lai S.",Journal of Veterinary Internal Medicine,2025 Nov-Dec;39(6):e70214,10.1111/jvim.70214,https://pmc.ncbi.nlm.nih.gov/articles/PMC12481043/
71,0000071.pdf,A Prospective Multicenter Observational Study Assessing Incidence and Risk Factors for Acute Transfusion Reactions in Cats.,"Hall GBF, Birkbeck R, Brainard BM, Camacho F, Davidow EB, LeVine DN, Mackin A, Moss T, Nash KJ, Stanzani G, Starybrat D, Stoye DQ, Tai C, Thomason J, Walker JM, Wardrop KJ, Wilson H, Wurlod VA, Humm K.",Journal of Veterinary Internal Medicine,2025 Nov-Dec;39(6):e70246,10.1111/jvim.70246,https://pmc.ncbi.nlm.nih.gov/articles/PMC12477435/
72,0000072.pdf,Use of Artificial Intelligence to Detect Cardiac Rhythm Disturbances in Athletes: A Scoping Review.,"Kapusniak A, Lara NM, Hitchens PL, Bailey S, Nath L, Franklin S.",Journal of Veterinary Internal Medicine,2025 Nov-Dec;39(6):e70257,10.1111/jvim.70257,https://pmc.ncbi.nlm.nih.gov/articles/PMC12477403/
73,0000073.pdf,Risk Factors for Pituitary Macrotumor in Dogs With Hypercortisolism.,"Yoshida K, Kobatake Y, Takashima S, Nishii N.",Journal of Veterinary Internal Medicine,2025 Nov-Dec;39(6):e70261,10.1111/jvim.70261,https://pmc.ncbi.nlm.nih.gov/articles/PMC12475908/
74,0000074.pdf,Phase-Contrast Magnetic Resonance Imaging Identifies Low Cerebrospinal Fluid Velocity at the Foramen Magnum in Small Breed Dogs With an Enlarged Ventricular System.,"Hubler S, Precht C, Schüpbach-Regula G, Stein VM, Schweizer D.",Journal of Veterinary Internal Medicine,2025 Nov-Dec;39(6):e70197,10.1111/jvim.70197,https://pmc.ncbi.nlm.nih.gov/articles/PMC12466549/
75,0000075.pdf,"In Vivo Radiographic Characteristics Associated With the Mineral Composition of Calcium Oxalate, Struvite, and Cystine Lower Urinary Tract Uroliths in Dogs.","Pulido Vega D, Motteau-Lévêque M, Maurey C, Mortier J.",Journal of Veterinary Internal Medicine,2025 Nov-Dec;39(6):e70252,10.1111/jvim.70252,https://pmc.ncbi.nlm.nih.gov/articles/PMC12464727/
76,0000076.pdf,Single-Voxel Proton Magnetic Resonance Spectroscopy Findings at 3 Tesla in a Dog With Gliomatosis Cerebri.,"Sebestyén P, Staudinger C, Herzig R, Oevermann A, Golini L, Zölch N, Beckmann K.",Journal of Veterinary Internal Medicine,2025 Nov-Dec;39(6):e70210,10.1111/jvim.70210,https://pmc.ncbi.nlm.nih.gov/articles/PMC12462539/
77,0000077.pdf,Urinary Cystine/Creatinine Concentrations Before and After Castration in Dogs With Suspected Androgen-Dependent Cystine Urolithiasis.,"Larsen JA, Hulsebosch SE, Fine J, Johnson EG, Pires J, Henthorn PS, Westropp JL.",Journal of Veterinary Internal Medicine,2025 Nov-Dec;39(6):e70202,10.1111/jvim.70202,https://pmc.ncbi.nlm.nih.gov/articles/PMC12461157/
78,0000078.pdf,Evaluation of Immune System Components in Dogs With Protein-Losing Enteropathy Compared to Healthy Controls.,"Moore E, Thelen Strong K, Jablonski SA.",Journal of Veterinary Internal Medicine,2025 Sep-Oct;39(5):e70245,10.1111/jvim.70245,https://pmc.ncbi.nlm.nih.gov/articles/PMC12457864/
79,0000079.pdf,"Characteristics, Nutritional Recommendations, and Medical Interventions of 58 Dogs With Protein-Losing Enteropathy Presenting to a Veterinary Nutrition Service.","Margrey C, Rollins AW, Tolbert MK, Murphy M, Zhu X, Schmid SM.",Journal of Veterinary Internal Medicine,2025 Sep-Oct;39(5):e70247,10.1111/jvim.70247,https://pmc.ncbi.nlm.nih.gov/articles/PMC12457692/
80,0000080.pdf,Applicability of Global Hemostatic Tools for Evaluation of Hemostatic State and Detection of Thrombosis in Cats With Cardiomyopathies.,"Langhorn R, Bach MBT, Gravgaard AS, Graversen N, Olsen CL, Monrad KH, Koch J, Schrøder AS, Willesen JL, Kristensen AT, Nielsen LN.",Journal of Veterinary Internal Medicine,2025 Sep-Oct;39(5):e70250,10.1111/jvim.70250,https://pmc.ncbi.nlm.nih.gov/articles/PMC12450611/
81,0000081.pdf,"Development and External Validation of a Predictive Model of Severe Neonatal Calf Diarrhea in Hanwoo Calves Using Animal, Environmental, and Management Risk Factors.","Kim Y, Lim YH, Jung Y, Ku JY, Yu D, Park J, et al.",Journal of Veterinary Internal Medicine,2025 Sep-Oct;39(5):e70238,10.1111/jvim.70238,
82,0000082.pdf,Multiple Catheter Recording in Horses to Investigate Atrial Depolarization Pattern During Sinus Rhythm and Induced Premature Atrial Complexes.,"Buschmann E, Van Steenkiste G, Vernemmen I, Demeyere M, Schauvliege S, Decloedt A, et al.",Journal of Veterinary Internal Medicine,2025 Sep-Oct;39(5):e70218,10.1111/jvim.70218,
83,0000083.pdf,Clinical Utility of Magnetic Resonance Urethrography in Assessment of Canine Urethra.,"Kang Y, Baek J, Hong S, Kim S, Kim E, Yoon J, et al.",Journal of Veterinary Internal Medicine,2025 Sep-Oct;39(5):e70236,10.1111/jvim.70236,
84,0000084.pdf,Hyperfibrinolysis in Cats: A Retrospective Case-Control Study of 154 Cats.,"Priego-Corredor A, Del Saiz-Álvarez MR, Vila-Soriano A, Castro-López J, Herrería-Bustillo V.",Journal of Veterinary Internal Medicine,2025 Sep-Oct;39(5):e70201,10.1111/jvim.70201,
85,0000085.pdf,Transtracheal Wash Fluid Collection and Analysis in Healthy Goats.,"Savitske BJ, Dulli RJ, Paul NC, Washburn KE.",Journal of Veterinary Internal Medicine,2025 Sep-Oct;39(5):e70211,10.1111/jvim.70211,
86,0000086.pdf,Progression of Chronic Kidney Disease in Cats After Subcutaneous Ureteral Bypass Placement Compared to Cats With Idiopathic Chronic Kidney Disease.,"Bennett Z, Lawson JS, Chang YM, Shelton E, Elliott J, Syme HM, et al.",Journal of Veterinary Internal Medicine,2025 Sep-Oct;39(5):e70242,10.1111/jvim.70242,
87,0000087.pdf,"Multicenter, Retrospective Determination of the Clinical Utility of Screening Tests in Dogs With Immune-Mediated Hemolytic Anemia in the United Kingdom and Ireland.","Morrison T, Oikonomidis IL, Walker HK, Santos NS, Conway SA, Cuq B, et al.",Journal of Veterinary Internal Medicine,2025 Sep-Oct;39(5):e70226,10.1111/jvim.70226,
88,0000088.pdf,Estimates of Urinary Calcium Excretion in Dogs With and Without Calcium Oxalate Urolithiasis.,"LaVine DE, Coffey EL, Lulich JP, Granick JL, Furrow E.",Journal of Veterinary Internal Medicine,2025 Sep-Oct;39(5):e70224,10.1111/jvim.70224,
89,0000089.pdf,"Reference Values and Association of Body Weight, Age, and Sex With Echocardiographic Measurements in Non-Athletic Quarter Horses.","Selecky ME, Louie EW, Donnelly C, Finno CJ, Morgan JM.",Journal of Veterinary Internal Medicine,2025 Sep-Oct;39(5):e70237,10.1111/jvim.70237,
90,0000090.pdf,Cystoscopic-Guided Laser Ablation of Intramural Ectopic Ureters in Male Dogs: A Retrospective Study of 18 Cases (2011-2023).,"Chang JS, Berent AC, Weisse CW.",Journal of Veterinary Internal Medicine,2025 Sep-Oct;39(5):e70243,10.1111/jvim.70243,
91,0000091.pdf,QT Interval and Cardiac Restitution Ratio Complexity in Standardbred Racehorses From Rest to Maximal Effort: Insights Into Arrhythmia Risk.,"Avison A, Goderre BG, Pyle WG, Physick-Sheard PW.",Journal of Veterinary Internal Medicine,2025 Sep-Oct;39(5):e70207,10.1111/jvim.70207,
92,0000092.pdf,"Effects of Short-Term Calcifediol Supplementation on Leukocyte Cytokine Production in Healthy Dogs: A Randomized, Double-Blinded, Placebo-Controlled Crossover Trial.","Jaffey JA, Kreisler R, Backus RC, Gordon D, Chittick L.",Journal of Veterinary Internal Medicine,2025 Sep-Oct;39(5):e70240,10.1111/jvim.70240,
93,0000093.pdf,Plasma Arginine Vasopressin and Serum Copeptin Concentrations at Rest and After Osmotic- and Non-Osmotic-Based Stimulation Tests in Dogs.,"Paulin MV, Schermerhorn T, Mehrabanpour D, Unniappan S, Snead E.",Journal of Veterinary Internal Medicine,2025 Sep-Oct;39(5):e70219,10.1111/jvim.70219,
94,0000094.pdf,"Iron-Limited Erythropoiesis in Dogs and Cats: A Systematic Review and Meta-Analysis of Current Evidence Examining Mean Corpuscular Volume, Mean Reticulocyte Volume, and Reticulocyte Hemoglobin Content.","Ahmadi-Hamedani M, Mirmohammadkhani M, Kafshdouzan K, Amoozadeh P, Heydarkhani Y.",Journal of Veterinary Internal Medicine,2025 Sep-Oct;39(5):e70239,10.1111/jvim.70239,
95,0000095.pdf,Descriptive Analysis and Factors Associated With Relapse in Dogs With Presumptive Idiopathic Immune-Mediated Polyarthritis.,"Pichard D, Robin T, Le Boedec K, Maurey C, Kurtz M, Da Riz F, et al.",Journal of Veterinary Internal Medicine,2025 Sep-Oct;39(5):e70241,10.1111/jvim.70241,
96,0000096.pdf,"A Multicenter, Retrospective Analysis of Long-Term Survival in 255 Dogs With Pheochromocytoma Treated With Alpha-Adrenoreceptor Antagonists or Surgery (2010-2021).","Steele MME, van den Berg MF, Galac S, Dordio AM, Threlfall A, Gomes C, et al.",Journal of Veterinary Internal Medicine,2025 Sep-Oct;39(5):e70220,10.1111/jvim.70220,
97,0000097.pdf,Inadvertent Intracranial Nasogastric Tube Placement Causing Traumatic Brain Injury in a Neonatal Cat.,"Shugg R, Frederick SW, Moore SA, Powell LL.",Journal of Veterinary Internal Medicine,2025 Sep-Oct;39(5):e70200,10.1111/jvim.70200,
98,0000098.pdf,Indications for Blood Cultures in Dogs and Associations With Positive Results in 323 Submissions.,"Epstein SE, Byrne BA, Sykes JE.",Journal of Veterinary Internal Medicine,2025 Sep-Oct;39(5):e70228,10.1111/jvim.70228,
99,0000099.pdf,Treatment of Naproxen Overdose Using Therapeutic Plasma Exchange and Plasmaperfusion in a Dog.,"Studer KA, Iacovetta C.",Journal of Veterinary Internal Medicine,2025 Sep-Oct;39(5):e70235,10.1111/jvim.70235,
100,0000100.pdf,Evaluation of the Safety and Pharmacokinetics of Single-Dose Oral Probenecid Administration in Healthy Dogs.,"Cook M, Gustafson DL, Kroeker K, Shropshire S, Zersen KM.",Journal of Veterinary Internal Medicine,2025 Sep-Oct;39(5):e70221,10.1111/jvim.70221,
101,0000101.pdf,Untargeted Metabolic Profiling of Cat Urine and Plasma in Hypertension.,"Scott-Baumann J, Watson AH, Mur L, Syme HM.",Journal of Veterinary Internal Medicine,2025 Sep-Oct;39(5):e70227,10.1111/jvim.70227,
102,0000102.pdf,Environmental Chemical Exposures in Boxer Dogs With Multicentric Lymphoma.,"Braman SL, Peterson HM, Tindle AN, Elbe A, Mani E, Danielson C, et al.",Journal of Veterinary Internal Medicine,2025 Sep-Oct;39(5):e70230,10.1111/jvim.70230,
103,0000103.pdf,Clonal T Cell Proliferation Induced by Acute Anaplasmosis in a Dog.,"Teichner SR, Powell LL, Mazepa AS.",Journal of Veterinary Internal Medicine,2025 Sep-Oct;39(5):e70233,10.1111/jvim.70233,
104,0000104.pdf,Enriched Shotgun Sequencing to Assess the Effects of Interventions to Reduce Antimicrobial Use in Neonatal Dairy Calves.,"Flancman R, Doster E, Gomez DE, Ricker N, Morley PS, Weese JS, et al.",Journal of Veterinary Internal Medicine,2025 Sep-Oct;39(5):e70234,10.1111/jvim.70234,
105,0000105.pdf,Horner Syndrome Secondary to Suspected Internal Carotid Artery Dissection in a Golden Retriever.,"Davini T, Remelli C, Mattei C, Specchi S, Biserni R, Bernardini M, et al.",Journal of Veterinary Internal Medicine,2025 Sep-Oct;39(5):e70216,10.1111/jvim.70216,
106,0000106.pdf,Effect of Long-Term Freezing on Indirect Fluorescent Antibody Titers for the Diagnosis of Equine Protozoal Myeloencephalitis.,"Valderrama-Martinez C, Packham A, Smith W, Mendoza-Flores JE, Zheng S, Chigerwe M, et al.",Journal of Veterinary Internal Medicine,2025 Sep-Oct;39(5):e70225,10.1111/jvim.70225,
107,0000107.pdf,Risk Stratification Using Mitral INsufficiency Echocardiographic Score 2 in Dogs With Preclinical Mitral Valve Disease.,"Vezzosi T, Grosso G, Vatne L, Porciello F, Dall'Aglio E, Guglielmini C, et al.",Journal of Veterinary Internal Medicine,2025 Sep-Oct;39(5):e70215,10.1111/jvim.70215,
108,0000108.pdf,Comparing Two-Dimensional Ellipsoid Model Variants in Estimating Three-Dimensional Echocardiographic Right Ventricular Volume in Dogs.,"Ciardullo R, Tagg BE, Nesta E, Mintz SB, Pariaut R, Hsue W, et al.",Journal of Veterinary Internal Medicine,2025 Sep-Oct;39(5):e70232,10.1111/jvim.70232,
109,0000109.pdf,Epidemiologic Insights on Polyarthritis in Dogs in Primary Care Populations.,"Narita M, Hirano T, Naito E, Taira H, Yokota S, Inden T, et al.",Journal of Veterinary Internal Medicine,2025 Sep-Oct;39(5):e70213,10.1111/jvim.70213,
110,0000110.pdf,Extended Survival in a Dog With Disseminated Protothecosis.,"Landfield BG, Appleman EH, Daverio H, Guarino C, Moore ME, Gioia G, et al.",Journal of Veterinary Internal Medicine,2025 Sep-Oct;39(5):e70231,10.1111/jvim.70231,
111,0000111.pdf,"Disseminated Histoplasmosis in a Dog Treated With Amphotericin B and Itraconazole, With Assessment of Galactomannan and (1,3)-β-d-Glucan for Monitoring Treatment Response.","Ahlstrom LA, Miller M, Fradkin JM, Greene CE, Parviz T, Kidd L, et al.",Journal of Veterinary Internal Medicine,2025 Jul-Aug;39(4):e70215,10.1111/jvim.70215,
112,0000112.pdf,Influence of Inhaled Anesthetics on Pulmonary Vasculature in Dogs: A Systematic Review.,"Riccó C, Soares JH, Ambrosio AM.",Journal of Veterinary Internal Medicine,2025 Jul-Aug;39(4):e70201,10.1111/jvim.70201,
113,0000113.pdf,"Diagnostic Accuracy of Hematocrit Point-of-Care Testing Using HemoCue, i-STAT, and Vetscan Instruments in Dogs.","Gutiérrez-Blanco E, Molina-Barragán E, Arce-Aburto NM, Ramírez-Bibiano DB, Magallón-Botaya MT, Ángel J, et al.",Journal of Veterinary Internal Medicine,2025 Jul-Aug;39(4):e70220,10.1111/jvim.70220,
114,0000114.pdf,Prevalence and Type of Arrhythmias in Dogs and Cats With Immune-Mediated Hemolytic Anemia.,"Benegiamo W, Piek CJ, Borgeat K.",Journal of Veterinary Internal Medicine,2025 Jul-Aug;39(4):e70236,10.1111/jvim.70236,
115,0000115.pdf,Apparent Prevalence and Factors Associated With the Development of Urinary Tract Infections in Cats With Chronic Kidney Disease: A Multicenter Retrospective Study.,"Sævik BK, Toftaker I, Boge GS, Bakke AM, Palmqvist M, Jørgensen HI, et al.",Journal of Veterinary Internal Medicine,2025 Jul-Aug;39(4):e70209,10.1111/jvim.70209,
116,0000116.pdf,"Serum Cardiac Troponin I, Anemia, and Lower Body Condition Score as Predictors of Outcome in Cats With Hypertrophic Cardiomyopathy.","Surachetpong SD, Singh MK, Bussmann KD, Tobias AH.",Journal of Veterinary Internal Medicine,2025 Jul-Aug;39(4):e70180,10.1111/jvim.70180,
117,0000117.pdf,"Prevalence of Increased Liver Enzyme Activities in 13,905 Dogs Presented to Primary Care Practices in the United Kingdom.","Hemida M, Geddes RF, Cave NJ, O'Neill DG, Church DB, Brodbelt DC.",Journal of Veterinary Internal Medicine,2025 Jul-Aug;39(4):e70207,10.1111/jvim.70207,
118,0000118.pdf,"Variation in Fecal and Urinary Carnitine in Apparently Healthy Adult Dogs and Healthy, Nondilated Cardiomyopathy Doberman Pinschers: A Controlled Diet Study.","Ontiveros ES, Schmidt MK, Tiffany AS, Fousse SL, Bigley KE, Vyhnal KK, et al.",Journal of Veterinary Internal Medicine,2025 Jul-Aug;39(4):e70208,10.1111/jvim.70208,
119,0000119.pdf,Comparison of Routine Preoperative Diagnostic Imaging for the Detection of Mediastinal Abnormalities in Cats With Hyperthyroidism.,"van Hoorn KP, Slensky KA, Perez DA, Drobatz KJ.",Journal of Veterinary Internal Medicine,2025 Jul-Aug;39(4):e70181,10.1111/jvim.70181,
120,0000120.pdf,Incidence and Risk Factors of Hospitalization of Canine Leishmania infantum-Seropositive Dogs.,"Martinez Martinez S, Marti Pons I, Tabar MD, Roura X.",Journal of Veterinary Internal Medicine,2025 Jul-Aug;39(4):e70183,10.1111/jvim.70183,
121,0000121.pdf,Angiotensin-Converting Enzyme and Intercellular Adhesion Molecule-1 Concentrations in Bronchoalveolar Lavage Fluid From Dogs With Chronic Bronchitis.,"Turner KE, Andreasen CB, Rishniw M.",Journal of Veterinary Internal Medicine,2025 Jul-Aug;39(4):e70204,10.1111/jvim.70204,
122,0000122.pdf,Breed-Based Percentile Curves of Whole Blood Platelet Concentration for Healthy Dogs.,"Zhang Q, Andreadou H, Sieber-Ruckstuhl NS, Spiri AM.",Journal of Veterinary Internal Medicine,2025 Jul-Aug;39(4):e70186,10.1111/jvim.70186,
123,0000123.pdf,Clinical Features and Risk Factors for Outcome for Dogs and Cats With Acute Leukemia Treated With Chemotherapy.,"O'Rourke T, Saba CF, Northrup NC.",Journal of Veterinary Internal Medicine,2025 Jul-Aug;39(4):e70184,10.1111/jvim.70184,
124,0000124.pdf,"Extranodal Lymphoma in Dogs: Frequency, Anatomical Sites and Histopathological Characterization (2004-2023).","Blanco B, Piñero C, Morales M, Suárez-Redondo M, Vilar JM, Ramírez AS, et al.",Journal of Veterinary Internal Medicine,2025 Jul-Aug;39(4):e70190,10.1111/jvim.70190,
125,0000125.pdf,Evaluation of Ultrasound Findings in 33 Dogs With Surgically Confirmed Gastric Perforation.,"Hwang SM, Choi S, Lee C, Choi J.",Journal of Veterinary Internal Medicine,2025 Jul-Aug;39(4):e70187,10.1111/jvim.70187,
126,0000126.pdf,Frequency of Seizure Freedom and Late-Onset Seizures in Dogs Diagnosed With Meningoencephalitis of Unknown Origin Treated With Prednisolone and Cytosine Arabinoside.,"Spitzbarth I, Rosati M, Kacza J, Kramer S, Tipold A, Matiasek K.",Journal of Veterinary Internal Medicine,2025 Jul-Aug;39(4):e70141,10.1111/jvim.70141,
127,0000127.pdf,Blood Lactate Concentrations in Dogs Diagnosed With Congestive Heart Failure.,"Sumner JP, Sargent HJ, Kellihan HB, Cunningham SM.",Journal of Veterinary Internal Medicine,2025 Jul-Aug;39(4):e70202,10.1111/jvim.70202,
128,0000128.pdf,Long-Term Outcome of Feline Nasal Lymphoma Treated With Hypofractionated Three-Dimensional Conformal Radiation Therapy.,"Tamlin VS, Griffin LA, Gillem JM, Laver T, de Campos Fonseca Pinto AC, Mason NJ, et al.",Journal of Veterinary Internal Medicine,2025 Jul-Aug;39(4):e70214,10.1111/jvim.70214,
129,0000129.pdf,"Age, Number, Appearance, Size, and Site (ANASS) Score Can Predict Outcomes in Dogs and Cats With Cutaneous and Subcutaneous Mast Cell Tumors.","Shiu KB, Higgins RJ, Schmidt AM, Ramirez D, Motsinger-Reif A, Olby NJ, et al.",Journal of Veterinary Internal Medicine,2025 Jul-Aug;39(4):e70210,10.1111/jvim.70210,
130,0000130.pdf,Evaluation of a Point-of-Care Analyzer for Rapid Measurement of Lactate Concentrations in Blood and Peritoneal Fluid in Dogs and Cats.,"Martinez SF, Guillaumin J, Cole L, Cooper ES.",Journal of Veterinary Internal Medicine,2025 Jul-Aug;39(4):e70182,10.1111/jvim.70182,
131,0000131.pdf,Outcomes of Surgical Excision and Adjuvant Radiation Therapy for Lower Urinary Tract Transitional Cell Carcinoma in Dogs: A Multi-Institutional Retrospective Study.,"Foster EJ, Charney VA, Kelsey KL, Giuffrida MA, Schrempp DR.",Journal of Veterinary Internal Medicine,2025 Jul-Aug;39(4):e70197,10.1111/jvim.70197,
132,0000132.pdf,Serum Glycated Albumin/Fructosamine Ratio and its Association With Glycemic Control in Client-Owned Diabetic Cats.,"Sasaki C, Oikawa T, Tada T, Hisasue M.",Journal of Veterinary Internal Medicine,2025 Jul-Aug;39(4):e70218,10.1111/jvim.70218,
133,0000133.pdf,Serum Insulin-Like Growth Factor 1 and Blood Glucose Concentrations in Diabetic and Nondiabetic Dogs and Cats.,"Davison LJ, Posch B, Hodge PJ, Hibbert A, Church DB, Niessen SJ.",Journal of Veterinary Internal Medicine,2025 Jul-Aug;39(4):e70221,10.1111/jvim.70221,
134,0000134.pdf,ACVIM Consensus Statement: Canine Idiopathic Polyradiculoneuritis.,"Cuddon PA, Dewey CW, Coates JR, da Costa RC, Webb AA.",Journal of Veterinary Internal Medicine,2025 Jul-Aug;39(4):e17406,10.1111/jvim.17406,
135,0000135.pdf,Seroprevalence of Neospora caninum and Associated Risk Factors for Abortion in Farm Dogs in South Korea.,"Kim SY, Jeong W, Kim SJ, Lee JY, Kim G, Jeong YI, et al.",Journal of Veterinary Internal Medicine,2025 Jul-Aug;39(4):e70203,10.1111/jvim.70203,
136,0000136.pdf,Echocardiographic Reference Intervals for Adult Domestic Shorthair Cats in 4 Different Body Weight Groups.,"Oldach MS, Ueda Y, Ontiveros ES, Gunther-Harrington CT, Visser LC, Wood T, et al.",Journal of Veterinary Internal Medicine,2025 Jul-Aug;39(4):e70222,10.1111/jvim.70222,
137,0000137.pdf,"The Incidence, Prevalence, Breed Distribution, and Mortality Risk of Myasthenia Gravis in Dogs in the UK.","Yang B, O'Neill DG, Brodbelt DC, Church DB, Pegram C.",Journal of Veterinary Internal Medicine,2025 Jul-Aug;39(4):e70212,10.1111/jvim.70212,
138,0000138.pdf,Performance of a Urine Spot Protein to Creatinine Ratio Test in the Diagnosis and Monitoring of Renal Disease in Cats.,"Lara E, Lefebvre HP, Goggs R, De Brito Galvao JF.",Journal of Veterinary Internal Medicine,2025 Jul-Aug;39(4):e70205,10.1111/jvim.70205,
139,0000139.pdf,Outcome of Immune-Mediated Hemolytic Anemia Treated With Cyclosporine: 89 Cases (2010-2018).,"Toresson L, Steiner JM, Olmedal G, Larsen JA, Kovacevic AS, Suchodolski JS, et al.",Journal of Veterinary Internal Medicine,2025 Jul-Aug;39(4):e70206,10.1111/jvim.70206,
140,0000140.pdf,A Multicentric Retrospective Evaluation of Clinicopathological Findings and Long-Term Outcome in Feline Mediastinal Lymphoma.,"Zoia A, Drigo M, Massari F, Porporato F, Leo C, Comazzi S, et al.",Journal of Veterinary Internal Medicine,2025 Jul-Aug;39(4):e70200,10.1111/jvim.70200,
141,0000141.pdf,Clinical Characteristics and Risk Factors of Fanconi Syndrome in Dogs Receiving Toceranib or Masitinib.,"Jung DI, Kim S, Yoon J, Kang BT.",Journal of Veterinary Internal Medicine,2025 Jul-Aug;39(4):e70199,10.1111/jvim.70199,
142,0000142.pdf,"Lung Lobe Torsion in Dogs: Signalment, Clinical, Laboratory and Imaging Findings, and Prognostic Factors for Perioperative Death.","Ribeiro TC, Sá LR, Gava FN, Beck CA, Lacerda LA, Martins DB, et al.",Journal of Veterinary Internal Medicine,2025 Jul-Aug;39(4):e70211,10.1111/jvim.70211,
143,0000143.pdf,Characterization of Inflammatory Bowel Disease in Client-Owned Cats and Dogs Using RNA-Seq to Detect Dysregulated Transcripts in Archived FFPE Tissue.,"van Kuijk SM, Gu W, Metcalfe S, Arnott E, Henry CJ.",Journal of Veterinary Internal Medicine,2025 Jul-Aug;39(4):e70185,10.1111/jvim.70185,
144,0000144.pdf,"Clinical Features, Treatments, and Outcome in Cats With SARS-CoV-2 Infection.","Licitra C, Stranieri A, Oltolina C, Paltrinieri S, Decaro N, Bonsembiante F, et al.",Journal of Veterinary Internal Medicine,2025 Jul-Aug;39(4):e70176,10.1111/jvim.70176,
145,0000145.pdf,Serum Pancreatic Elastase Concentrations Before and After Pancreatic Surgery in Dogs.,"Khoramian M, Steiner JM, Smason A, Herrera MA, Twedt DC.",Journal of Veterinary Internal Medicine,2025 Jul-Aug;39(4):e70189,10.1111/jvim.70189,
146,0000146.pdf,"Clinical Characteristics, Treatment, and Outcomes of Dogs With Adult-Onset Primary Hypothyroidism From a Longitudinal Study in the United Kingdom.","Ramsey H, Corah L, O'Neill DG, Church DB, Brodbelt DC, Packer RM.",Journal of Veterinary Internal Medicine,2025 Jul-Aug;39(4):e70196,10.1111/jvim.70196,
147,0000147.pdf,Characterization of Canine and Feline Extrahepatic Biliary Obstruction and Feline Biliary Mucocele.,"Le AP, Deitz KC, Webster CR.",Journal of Veterinary Internal Medicine,2025 Jul-Aug;39(4):e70198,10.1111/jvim.70198,
148,0000148.pdf,Evaluation of Feline Acute Intermittent Porphyria as a Cause for Elevated Urinary Porphyrin Concentrations in Cats.,"Miller E, Keating E, Rossi G, Beatty J, Ridyard A, Lyons L, et al.",Journal of Veterinary Internal Medicine,2025 Jul-Aug;39(4):e70193,10.1111/jvim.70193,
149,0000149.pdf,Evaluation of Biochemical and Clinicopathological Variables in Healthy Pregnant Cats During the Prenatal Period and at the First Postpartum Visit.,"Pérez-Morán M, Sabaté D, Chacón G.",Journal of Veterinary Internal Medicine,2025 Jul-Aug;39(4):e70216,10.1111/jvim.70216,
150,0000150.pdf,Serum N-Terminal Pro-B-Type Natriuretic Peptide and High-Sensitivity Cardiac Troponin I Concentrations in Dogs With Systemic Inflammatory Response Syndrome and Sepsis With and Without Myocardial Injury.,"Boysen SR, Gommeren K, Edwards TH,Ià±esta M, Rozanski EA.",Journal of Veterinary Internal Medicine,2025 Jul-Aug;39(4):e70213,10.1111/jvim.70213,
151,0000151.pdf,"Prevalence and Whole Genome Sequence Analysis of Mycoplasma bovis Isolates From Bulk Tank Milk of Dairy Farms in Tennessee, USA.","Gelgie AE, Gelalcha BD, Christensen D, Freeman T, Beever JE, Dego OK, et al.",Journal of Veterinary Internal Medicine,2025 Jul-Aug;39(4):e70164,10.1111/jvim.70164,
152,0000152.pdf,"Use of Immunosuppression, Romiplostim, and Splenectomy to Achieve Remission in a British Shorthair Cat With Primary Immune-Mediated Thrombocytopenia.","Kennils JM, Wilson HE.",Journal of Veterinary Internal Medicine,2025 Jul-Aug;39(4):e70149,10.1111/jvim.70149,
153,0000153.pdf,De Novo Missense Variant in Bovine WDR33 Associated With a Complex Syndromic Form of Cleft Palate With Pentalogy of Fallot and Internal Hydrocephalus.,"Bolcato M, Romito G, Häfliger IM, Gentile A, Drögemüller C, Jacinto JGP, et al.",Journal of Veterinary Internal Medicine,2025 Jul-Aug;39(4):e70144,10.1111/jvim.70144,
154,0000154.pdf,Comparison of Dysautonomia Across Species: Current Knowledge and Future Research Opportunities.,"Atkins CN, Hahn CN, McGorum BC.",Journal of Veterinary Internal Medicine,2025 Jul-Aug;39(4):e70140,10.1111/jvim.70140,
155,0000155.pdf,"Frequency, Risk Factors, and Mortality for Diabetes Mellitus in 1 225 130 Cats Under Primary Veterinary Care in the United Kingdom in 2019.","Waite O, Gostelow R, Wright E, Jepson RE, Brodbelt DC, O'Neill DG, et al.",Journal of Veterinary Internal Medicine,2025 Jul-Aug;39(4):e70161,10.1111/jvim.70161,
156,0000156.pdf,Long-Term Outcomes of Mitral Valve Repair With Artificial Chordae and Annuloplasty for Myxomatous Mitral Valve Disease in Dogs.,"Kurogochi K, Furusato S, Takahashi E, Tabata M, Mizuno M, Nii Y, et al.",Journal of Veterinary Internal Medicine,2025 Jul-Aug;39(4):e70171,10.1111/jvim.70171,
157,0000157.pdf,Long-Term Humoral Immune Response After West Nile Virus Convalescence in Horses in a Geographic Area of Multiple Orthoflavivirus Co-Circulation.,"Tolnai CH, Forgách P, Marosi A, Fehér O, Paszerbovics B, Tenk M, et al.",Journal of Veterinary Internal Medicine,2025 Jul-Aug;39(4):e70176,10.1111/jvim.70176,
158,0000158.pdf,"Long-Term Clinical Response to Medical Treatment, Behavioral Therapy, or Their Combination in Cats With Hyperesthesia Syndrome.","Pauciulo C, Uccheddu S, Corda A, Biggio F, Corlazzoli DS, Menchetti M, et al.",Journal of Veterinary Internal Medicine,2025 Jul-Aug;39(4):e70174,10.1111/jvim.70174,
159,0000159.pdf,Hypersomatotropism and Hypercortisolism Caused by a Plurihormonal Pituitary Adenoma in a Dog.,"Soler Arias EA, Rodas Elvir R, Daly AF, Kooistra HS.",Journal of Veterinary Internal Medicine,2025 Jul-Aug;39(4):e70177,10.1111/jvim.70177,
160,0000160.pdf,Focal Autonomic Seizures Manifesting With Prevailing Signs of Gastrointestinal Disorder in Dogs.,"Diop S, Lyon E, Van Caenegem N, Escriou C, Freiche V, Blot S, et al.",Journal of Veterinary Internal Medicine,2025 Jul-Aug;39(4):e70158,10.1111/jvim.70158,
161,0000161.pdf,Changes in Serum Proteomic Profiles at Different Stages of Pregnancy Toxemia in Goats.,"Uztimür M, Ünal CN, Akpınar G.",Journal of Veterinary Internal Medicine,2025 Jul-Aug;39(4):e70139,10.1111/jvim.70139,
162,0000162.pdf,Prevalence of Proteinuria in Dogs With Immune-Mediated Disease.,"Barton JC, German AJ, O'Connell EM.",Journal of Veterinary Internal Medicine,2025 Jul-Aug;39(4):e70162,10.1111/jvim.70162,
163,0000163.pdf,"Treatment of Hypovitaminosis D With Cholecalciferol in Dogs With Protein-Losing Enteropathies: A Randomized, Double-Blind, Placebo-Controlled, Clinical Trial.","Jablonski SA, Shropshire SB, Watson VE, Manchester AC, Cridge H, Lennon EM, et al.",Journal of Veterinary Internal Medicine,2025 Jul-Aug;39(4):e70147,10.1111/jvim.70147,
164,0000164.pdf,Brain Atrophy in Dogs With Meningoencephalitis of Unknown Origin.,"Gonçalves R, Walmsley G, Maddox TW.",Journal of Veterinary Internal Medicine,2025 Jul-Aug;39(4):e70095,10.1111/jvim.70095,
165,0000165.pdf,Markers of Hepatic Insulin Clearance and Their Association With Steatosis in Hyperinsulinaemic Horses.,"Dosi M, Scott L, Payne H, Poldy J, Keen J, McGorum B, et al.",Journal of Veterinary Internal Medicine,2025 Jul-Aug;39(4):e70143,10.1111/jvim.70143,
166,0000166.pdf,Identification of a Novel Mutation in the SERPINE1 Gene Causing Clinical Hyperfibrinolysis in English Springer Spaniel Dogs.,"Kilpatrick K, Cullen JN, Almeer FF, Higgins L, Markowski T, Brooks M, et al.",Journal of Veterinary Internal Medicine,2025 Jul-Aug;39(4):e70150,10.1111/jvim.70150,
167,0000167.pdf,Retrospective Evaluation of Risk Factors and Outcome in Dogs With and Without Fluid Overload During Hospitalization.,"Pfaff A, Butty EM, Rozanski EA, deLaforcade AM, Hicks JN, Berlin N, et al.",Journal of Veterinary Internal Medicine,2025 Jul-Aug;39(4):e70132,10.1111/jvim.70132,
168,0000168.pdf,Retrospective Evaluation of Transcatheter Edge-To-Edge Mitral Valve Repair in Dogs With Myxomatous Mitral Valve Disease.,"Lee JM, Youp KA, Lee ST, Lee AR, Cho YW, Jung YS, et al.",Journal of Veterinary Internal Medicine,2025 Jul-Aug;39(4):e70156,10.1111/jvim.70156,
169,0000169.pdf,"Exercise Restriction Does Not Change Outcome in Dogs After Diagnosis of Acute Non-Compressive Nucleus Pulposus Extrusion, Fibrocartilaginous Embolism, or Hydrated Nucleus Pulposus Extrusion.","Phillips K, Freeman P.",Journal of Veterinary Internal Medicine,2025 Jul-Aug;39(4):e70135,10.1111/jvim.70135,
170,0000170.pdf,Twenty-Four-Hour Electrocardiographic Monitoring for Assessment of Cardiac Arrhythmias in Healthy and Hospitalized Goats.,"Sullivan A, Adin DB, Speziok SB, Haimovitz D, Holbrook TC, Luethy D, et al.",Journal of Veterinary Internal Medicine,2025 Jul-Aug;39(4):e70160,10.1111/jvim.70160,
171,0000171.pdf,"Comparison of Clinical, Laboratory, and Ultrasonographic Findings in Dogs With Acutely Presenting Clinical Signs and Either Normal or Increased Serum DGGR Lipase Activity.","Sidler M, Brugger D, Riond B, Dennler M, Unterer S, Kook PH, et al.",Journal of Veterinary Internal Medicine,2025 Jul-Aug;39(4):e70134,10.1111/jvim.70134,
172,0000172.pdf,Thoracic Ultrasonography Findings and Their Association With Respiratory Pathogens in 221 Young Beef Cattle at Fattening Farms: A Cross-Sectional Study.,"Rouault M, Foucras G, Meurens F, Assié S.",Journal of Veterinary Internal Medicine,2025 Jul-Aug;39(4):e70141,10.1111/jvim.70141,
173,0000173.pdf,Preoperative Prediction Models for 30-Day All-Cause Mortality After Mitral Valve Repair in Dogs: A Single-Center Retrospective Cohort Study.,"Furusato S, Kurogochi K, Mizuno M, Shinoda S, Tanoshima R, Uechi M, et al.",Journal of Veterinary Internal Medicine,2025 Jul-Aug;39(4):e70152,10.1111/jvim.70152,
174,0000174.pdf,"Blood and Peritoneal Lactate, Ratio and Difference, and Peritoneal Lactate to Total Solids Ratio for Detection of Intestinal Strangulating Obstructions in Horses.","Parra-Moyano LA, Cedeño A, Darby S, Johnson JP, Gomez DE.",Journal of Veterinary Internal Medicine,2025 Jul-Aug;39(4):e70121,10.1111/jvim.70121,
175,0000175.pdf,Long-Term Follow-Up After Acute Gastroenteritis Caused by Giardia Infection in Juvenile Dogs.,"Walz KC, Suchodolski JS, Werner M, Grimm F, Schnyder M, Zablotski Y, et al.",Journal of Veterinary Internal Medicine,2025 Jul-Aug;39(4):e70123,10.1111/jvim.70123,
176,0000176.pdf,Immunosenescence and Inflammaging in Dogs and Cats: A Narrative Review.,McKenzie BA.,Journal of Veterinary Internal Medicine,2025 Jul-Aug;39(4):e70159,10.1111/jvim.70159,
177,0000177.pdf,Apoptosis Inhibitor of Macrophages in Cats: A Potential Link Between an Exon 3 Variant Allele and Progression of Naturally Occurring Chronic Kidney Disease.,"Evangelista GCL, Hwang JK, Broughton-Neiswanger LE, Carlo Reis EC, Court MH, Mealey KA, et al.",Journal of Veterinary Internal Medicine,2025 Jul-Aug;39(4):e70136,10.1111/jvim.70136,
178,0000178.pdf,Influence of Signalment Variables on Body Weight-Normalized Echocardiographic Measurements of Heart Size in 56 169 Adult Unsedated Normal Pure-Bred Cats.,"Häggström J, Ohlsson Å, Falk T, Wess G, Friederich J, Olsson U, et al.",Journal of Veterinary Internal Medicine,2025 Jul-Aug;39(4):e70146,10.1111/jvim.70146,
179,0000179.pdf,"Ehrlichia, Hepatozoon, and Babesia Coinfection Patterns Among Owned Dogs in Central Thailand.","Osathanon R, Saechin A, Mongkolphan C, Bhusri B, Tangsudjai S.",Journal of Veterinary Internal Medicine,2025 Jul-Aug;39(4):e70154,10.1111/jvim.70154,
180,0000180.pdf,Immunological Responses to Tetanus and Influenza Vaccination in Donkeys.,"Perzyna M, Grzędzicka J, Milczek-Haduch D, Dąbrowska I, Trela M, Pawliński B, et al.",Journal of Veterinary Internal Medicine,2025 Jul-Aug;39(4):e70137,10.1111/jvim.70137,
181,0000181.pdf,The Vertebrate Breed Ontology: Toward Effective Breed Data Standardization.,"Mullen KR, Tammen I, Matentzoglu NA, Mather M, Balhoff JP, Esdaile E, et al.",Journal of Veterinary Internal Medicine,2025 Jul-Aug;39(4):e70133,10.1111/jvim.70133,
182,0000182.pdf,Presence of Potential Enteropathogenic Bacteria in Cats and Association With Diarrhea in Multicat Households.,"Bogedale K, Klein-Richers U, Felten S, Bergmann M, Pantchev N, Zablotski Y, et al.",Journal of Veterinary Internal Medicine,2025 May-Jun;39(3):e70138,10.1111/jvim.70138,
183,0000183.pdf,Association of Lung Consolidation Depth With Pathogens Isolated From Bronchoalveolar Lavage Fluid in Calves With Clinical Signs of Respiratory Disease.,"Clinquart J, Lowie T, Jourquin S, Bokma J, Pardon B.",Journal of Veterinary Internal Medicine,2025 May-Jun;39(3):e70120,10.1111/jvim.70120,
184,0000184.pdf,Nasal Stimulation Response in Neurologically Normal Dogs and Cats.,"Elvira T, Sparks T, Guevar J, Aige V, Gutierrez-Quintana R, Brocal J, et al.",Journal of Veterinary Internal Medicine,2025 May-Jun;39(3):e70118,10.1111/jvim.70118,
185,0000185.pdf,Acute Evolution of Neurological Signs and Magnetic Resonance Imaging Features in Dogs With Brain Tumors Receiving Treatment With Corticosteroids and Anticonvulsants.,"Rossmeisl JH, Garcia-Mora JK.",Journal of Veterinary Internal Medicine,2025 May-Jun;39(3):e70126,10.1111/jvim.70126,
186,0000186.pdf,Evaluation of the Glutaraldehyde Test as a Prognostic Indicator for Short- and Long-Term Mortality in Hospitalized Adult Cattle With and Without Sepsis.,"Eckert A, Gerspach C, Gamsjäger L.",Journal of Veterinary Internal Medicine,2025 May-Jun;39(3):e70124,10.1111/jvim.70124,
187,0000187.pdf,Fatty Acid Analysis and Stability of Selected Edible Oils Used in Homemade Pet Diets.,"Larsen JA, Stockman J, Li X, Wang SC.",Journal of Veterinary Internal Medicine,2025 May-Jun;39(3):e70119,10.1111/jvim.70119,
188,0000188.pdf,Prevention of Subclinical Hypocalcemia in Holsteins Fed an Anionic Diet and Treated With Two Calcium Boluses at the Time of Calving.,"Aksoy K, Deniz A, Metin M, Insel M, Pekmezci A.",Journal of Veterinary Internal Medicine,2025 May-Jun;39(3):e70122,10.1111/jvim.70122,
189,0000189.pdf,Effect of Iron Deficiency on Short-Term Response to Treatment in Cats With Chronic Enteropathies.,"Jugan MC, Langston C, Plattner BL, Ford AK.",Journal of Veterinary Internal Medicine,2025 May-Jun;39(3):e70131,10.1111/jvim.70131,
190,0000190.pdf,Correlation of Urine Ammonia Excretion With Renal Function in Healthy Cats and Cats With Kidney Disease.,"Brown EE, Cooke KL, Castro RA, Cooper A, Specht AJ, Harris AN, et al.",Journal of Veterinary Internal Medicine,2025 May-Jun;39(3):e70142,10.1111/jvim.70142,
191,0000191.pdf,Effect of Fenofibrate on Markers of Gut Barrier Function in Dogs With Naturally Occurring Diabetes Mellitus.,"O'Kell AL, Mott J, Porter L, Crews CD, Wu YA, Walzem R, et al.",Journal of Veterinary Internal Medicine,2025 May-Jun;39(3):e70125,10.1111/jvim.70125,
192,0000192.pdf,Development of a Novel Epilepsy and Dyskinesia Survey for Large-Scale Characterization of Seizure Semiology in Dogs.,"Matz MS, Harmas T, Wielaender F, Hakanen E, Nessler JN, Volk HA, et al.",Journal of Veterinary Internal Medicine,2025 May-Jun;39(3):e70077,10.1111/jvim.70077,
193,0000193.pdf,Effects of Plasma and Hetastarch Administration on Colloid Oncotic Pressure and Coagulation Variables in Dairy Calves and Goats.,"Woods Cuneo S, Abi-Nader BA, Blasczynski SJ, Chigerwe M.",Journal of Veterinary Internal Medicine,2025 May-Jun;39(3):e70079,10.1111/jvim.70079,
194,0000194.pdf,Effect of the Vascular Endothelial Growth Factor Inhibitor Toceranib on Cardiac Function and Endothelial Dysfunction Biomarkers in Dogs With Cancer.,"Lopez KE, Meola DM, Camarda ND, Upshaw JN, Jaffe IZ, London CA, et al.",Journal of Veterinary Internal Medicine,2025 May-Jun;39(3):e70115,10.1111/jvim.70115,
195,0000195.pdf,A Multicenter Observational Study Comparing Survival of Pugs and Dogs of Other Breeds With Protein-Losing Enteropathy.,"Swales H, Batchelor DJ, Bodnárová T, Kent A, Campbell S, Gow AG, et al.",Journal of Veterinary Internal Medicine,2025 May-Jun;39(3):e70100,10.1111/jvim.70100,
196,0000196.pdf,Polypoid Cystitis: A Retrospective Case-Series of 112 Dogs.,"Price MP, Thomas R, Breen M, Kendall AR, Vaden SL.",Journal of Veterinary Internal Medicine,2025 May-Jun;39(3):e70049,10.1111/jvim.70049,
197,0000197.pdf,Feasibility of Near-Infrared Image Guided Vascular Identification and Access in Dogs.,"Bowden S, Johnson J, Pierce KV.",Journal of Veterinary Internal Medicine,2025 May-Jun;39(3):e70043,10.1111/jvim.70043,
198,0000198.pdf,Association of Diet With Treatment Response in Dogs With Chronic Enteropathy: A Retrospective Multicenter Study.,"Rodrigues SD, Mendoza B, Dias MJ, Santos NS, Hebert M, Bettin E, et al.",Journal of Veterinary Internal Medicine,2025 May-Jun;39(3):e70071,10.1111/jvim.70071,
199,0000199.pdf,Multi-Institutional Retrospective Analysis of Prognostic Scoring Systems for Dogs With Acute Pancreatitis (504 Dogs).,"Cridge H, Cabrera D, Bolton T, Vaughn C, Parnell N, Chow B, et al.",Journal of Veterinary Internal Medicine,2025 May-Jun;39(3):e70114,10.1111/jvim.70114,
200,0000200.pdf,Cerebrospinal Fluid Concentrations of Calcitonin Gene Related Peptide in Dogs With Chiari-Like Malformation.,"Macri JD, Sparks C, Anderson Z, Olby N.",Journal of Veterinary Internal Medicine,2025 May-Jun;39(3):e70105,10.1111/jvim.70105,
201,0000201.pdf,Supplementation of Vitamin K1 in Dogs With Chronic Enteropathy.,"Smith JM, Smith CK, Zhu X, Hartley A, Lennon EM.",Journal of Veterinary Internal Medicine,2025 May-Jun;39(3):e70111,10.1111/jvim.70111,
202,0000202.pdf,Clinical Features That Increase Suspicion of Brucella canis Infection in Dogs With Discospondylitis: A Multicenter Case-Control Study.,"Moeller CM, Bartges JW, Brust KD, Kass PH, Kelly RF, Lashnits EW, et al.",Journal of Veterinary Internal Medicine,2025 May-Jun;39(3):e70112,10.1111/jvim.70112,
203,0000203.pdf,Longitudinal Study of Renal Health Screening in Apparently Healthy Aging Dogs.,"Marynissen S, Daminet S, Meyer E, Demeyere K, Stock E, Delanghe J, et al.",Journal of Veterinary Internal Medicine,2025 May-Jun;39(3):e70116,10.1111/jvim.70116,
204,0000204.pdf,Long-Term Response of Equids With Pituitary Pars Intermedia Dysfunction to Treatment With Pergolide.,"Schott HC 2nd, Strachota JR, Marteniuk JV, Refsal KR.",Journal of Veterinary Internal Medicine,2025 May-Jun;39(3):e70109,10.1111/jvim.70109,
205,0000205.pdf,Long-Term Firocoxib Use in Horses.,"Buzelato Carli I, Fielding L.",Journal of Veterinary Internal Medicine,2025 May-Jun;39(3):e70117,10.1111/jvim.70117,
206,0000206.pdf,Mycobacterium fortuitum Infection Associated With Septic Arthritis and Mycobacteremia in a Dog From Northern California.,"Li T, Alonso FH, Rhoades A, Kelman A, Affolter V, Sykes JE, et al.",Journal of Veterinary Internal Medicine,2025 May-Jun;39(3):e70083,10.1111/jvim.70083,
207,0000207.pdf,"Jugular Foramen Syndrome: Concurrent Neurological Deficits, Advanced Imaging Findings, Underlying Diagnoses, and Outcomes in 14 Dogs (2016-2024).","Madden M, Liatis T, Llanos C, Dancer S, Alvarez P, Tayler S, et al.",Journal of Veterinary Internal Medicine,2025 May-Jun;39(3):e70088,10.1111/jvim.70088,
208,0000208.pdf,Allele Frequencies and Genotypes for the Ryanodine Receptor 1 Variant Causing Malignant Hyperthermia and Fatal Rhabdomyolysis With Hyperthermia in Horses.,"Aleman M, McCue M, Bellone RR.",Journal of Veterinary Internal Medicine,2025 May-Jun;39(3):e70081,10.1111/jvim.70081,
209,0000209.pdf,"Epidemiological Evaluation of Neuter Status, Sex, and Breed in Dogs With Cystine Uroliths.","Lulich JP, Ulrich R, Furrow E.",Journal of Veterinary Internal Medicine,2025 May-Jun;39(3):e70110,10.1111/jvim.70110,
210,0000210.pdf,Case Series of Canine Myasthenia Gravis: A Classification Approach With Consideration of Seronegative Dogs.,"Dos Santos RX, Waelkens J, Crawford AH, Khan S, Sami S, Gomes SA, et al.",Journal of Veterinary Internal Medicine,2025 May-Jun;39(3):e70113,10.1111/jvim.70113,
211,0000211.pdf,Association of Diet and Calcium Tartrate Tetrahydrate Uroliths in Dogs.,"Lulich J, Koehler L, Ulrich L, Furrow E.",Journal of Veterinary Internal Medicine,2025 May-Jun;39(3):e70093,10.1111/jvim.70093,
212,0000212.pdf,Assessing Ureteral Patency by Fluoroscopy and Ultrasonography After Subcutaneous Ureteral Bypass Device Placement for the Treatment of Benign Ureteral Obstruction in Cats.,"Habib Y, Vachon C, Juette T, Dunn M.",Journal of Veterinary Internal Medicine,2025 May-Jun;39(3):e70078,10.1111/jvim.70078,
213,0000213.pdf,Diagnostic Value of Echocardiography in Cats With and Without Ultrasonographic Evidence of Renal Infarction.,"Gibson SD, Lourenço BN, De la Rosa MB, Coleman AE, McLaughlin C, Arne A, et al.",Journal of Veterinary Internal Medicine,2025 May-Jun;39(3):e70107,10.1111/jvim.70107,
214,0000214.pdf,Efficacy of Urine Asymmetric Dimethylarginine Concentration to Predict Azotemia in Hyperthyroid Cats After Radio-Iodine Treatment.,"Vanden Broecke E, Stammeleer L, Stock E, De Paepe E, Daminet S.",Journal of Veterinary Internal Medicine,2025 May-Jun;39(3):e70096,10.1111/jvim.70096,
215,0000215.pdf,"Clinical Signs, Advanced Diagnostic Imaging Findings, Treatment, and Outcome of Mycotic Discospondylitis in 11 Dogs.","Okonji S, Di Paola A, Benini S, Gallucci A, Cauduro A, Falzone C, et al.",Journal of Veterinary Internal Medicine,2025 May-Jun;39(3):e70097,10.1111/jvim.70097,
216,0000216.pdf,Novel Intracardiac Ultrasound Images Developed on a Cardiac Ultrasound Simulator and Validated in Live Horses.,"Vernemmen I, Demeyere M, Van Steenkiste G, Buschmann E, Decloedt A, van Loon G, et al.",Journal of Veterinary Internal Medicine,2025 May-Jun;39(3):e70087,10.1111/jvim.70087,
217,0000217.pdf,"Urinary Cystatin C, Glucose, Urea, and Electrolytes in Dogs at Various Stages of Chronic Kidney Disease.","Selin AK, Lilliehöök I, Strage EM, Larsson A, Pelander L.",Journal of Veterinary Internal Medicine,2025 May-Jun;39(3):e70090,10.1111/jvim.70090,
218,0000218.pdf,Clinical Outcomes of Mitral Valve Repair in Dogs With Pulmonary Hypertension Secondary to Myxomatous Mitral Valve Disease.,"Yoshida T, Adin D, Matsuura K.",Journal of Veterinary Internal Medicine,2025 May-Jun;39(3):e70106,10.1111/jvim.70106,
219,0000219.pdf,Association Between Diet Type and Owner-Reported Health Conditions in Dogs in the Dog Aging Project.,"Ortiz AV, Luo I, O'Brien J, Murphy M, Rollins AW, Kaeberlein M, et al.",Journal of Veterinary Internal Medicine,2025 May-Jun;39(3):e70060,10.1111/jvim.70060,
220,0000220.pdf,Effects of an Iso-Osmotic Chloride-Free Solution With High Strong Ion Difference vs. Ringer's Lactate on Non-Lactate Metabolic Acidosis in Dogs.,"Rabozzi R, Oricco S.",Journal of Veterinary Internal Medicine,2025 May-Jun;39(3):e70099,10.1111/jvim.70099,
221,0000221.pdf,Cerebrospinal Fluid Cytokine and Chemokine Analysis in Dogs With MUO or Idiopathic Epilepsy.,"Byron MJ, Parker AL, Parry S, Merbl Y.",J Vet Intern Med.,2025 Sep-Oct;39(5):e70229.,10.1111/jvim.70229,https://pubmed.ncbi.nlm.nih.gov/40859633/
222,0000222.pdf,Cholesterol Ester Storage Disease in Two Field Spaniels With LAL Deficiency.,"Syrjä P, Ylenius MMH, Kråkström M, Dickens AM, Rautala E, Huupponen A, et al.",J Vet Intern Med.,2025 Sep-Oct;39(5):e70223.,10.1111/jvim.70223,https://pubmed.ncbi.nlm.nih.gov/40859629/
223,0000223.pdf,Effects of Velagliflozin in 8 Cats With DM and Hypersomatotropism.,"Del Baldo F, Corsini A, Bresciani F, Pergolese V, Tirelli I, Tardo AM, et al.",J Vet Intern Med.,2025 Sep-Oct;39(5):e70222.,10.1111/jvim.70222,https://pubmed.ncbi.nlm.nih.gov/40853201/
224,0000224.pdf,Fecal & Clinical Profiles of Dogs With CE Treated With Bile Acid Sequestrants.,"Toresson L, Blake AB, Sung CH, Olmedal G, Ludvigsson U, Giaretta PR, et al.",J Vet Intern Med.,2025 Sep-Oct;39(5):e70206.,10.1111/jvim.70206,https://pubmed.ncbi.nlm.nih.gov/40833185/
225,0000225.pdf,Pituitary Dwarfism & ACTH Deficiency in a White Swiss Shepherd Dog.,"Schils G, Stammeleer L, Daminet S.",J Vet Intern Med.,2025 Sep-Oct;39(5):e70193.,10.1111/jvim.70193,https://pubmed.ncbi.nlm.nih.gov/40833232/
226,0000226.pdf,Agreement of Lung Sound Auscultation for Detecting Bronchopneumonia in Calves.,"Princisval L, Boccardo A, Pravettoni D, Ferraro S, Valarcher JF, Gomes V, et al.",J Vet Intern Med.,2025 Sep-Oct;39(5):e70203.,10.1111/jvim.70203,https://pubmed.ncbi.nlm.nih.gov/40826830/
227,0000227.pdf,Multi-Steroid Profiles in Cats With Hyperaldosteronism or Other Diseases.,"Watson AH, Gilligan LC, Taylor AE, Arlt W, Syme HM.",J Vet Intern Med.,2025 Sep-Oct;39(5):e70209.,10.1111/jvim.70209,https://pubmed.ncbi.nlm.nih.gov/40813337/
228,0000228.pdf,Isolation of Campylobacter upsaliensis From an Abscessed Hepatic Mass in a Dog.,"Boston TA, Lawhon SD, Aitee GF, Como K, Sannajust K, Gremillion CL, et al.",J Vet Intern Med.,2025 Sep-Oct;39(5):e70195.,10.1111/jvim.70195,https://pubmed.ncbi.nlm.nih.gov/40811733/
229,0000229.pdf,Microbial Gene Profiling & Targeted Metabolomics in Dogs With CE.,"Chen CC, Pilla R, Toresson L, Sung CH, Blake AB, Correa Lopes B, et al.",J Vet Intern Med.,2025 Sep-Oct;39(5):e70199.,10.1111/jvim.70199,https://pubmed.ncbi.nlm.nih.gov/40810386/
230,0000230.pdf,Hepatopathy in a Holstein Calf After Transfusion With Plasma Containing Bovine Bosavirus.,"Peek SF, Holschbach CL, Burton AJ, Sikorska ZW, Crawford LK, Dunn CD, et al.",J Vet Intern Med.,2025 Sep-Oct;39(5):e70208.,10.1111/jvim.70208,https://pubmed.ncbi.nlm.nih.gov/40810341/
231,0000231.pdf,Invasive Tracheal and Cranial Mediastinal Aspergillosis in a Young Healthy Cat.,"Mutascio LM, Crooks JC.",J Vet Intern Med.,2025 Sep-Oct;39(5):e70204.,10.1111/jvim.70204,https://pubmed.ncbi.nlm.nih.gov/40802537/
232,0000232.pdf,Antibiograms of Bacterial Cultures From Equine Neonates at a United Kingdom Hospital: 381 Samples (2018–2023),"Graham AE, Colgate VA, Floyd EF.",J Vet Intern Med.,2025 Sep-Oct;39(5):e70198.,10.1111/jvim.70198,https://pubmed.ncbi.nlm.nih.gov/40802493/
233,0000233.pdf,"Lesions Distribution, Nature and Severity Along the Gastrointestinal Tract in Cats With Low-Grade Intestinal T-Cell Lymphoma or Lymphoplasmacytic Enteritis","Bernard P, Remmel P, Cordonnier N, Freiche V.",J Vet Intern Med.,2025 Sep-Oct;39(5):e70148.,10.1111/jvim.70148,https://pubmed.ncbi.nlm.nih.gov/40767104/
234,0000234.pdf,Retrospective Evaluation of the Causes and Fluid Characteristics of Cavitary Effusions in Dogs and Cats,"Sotillo S, Viall AK, Palerme JS, Ward JL.",J Vet Intern Med.,2025 Sep-Oct;39(5):e70205.,10.1111/jvim.70205,https://pubmed.ncbi.nlm.nih.gov/40757981/
235,0000235.pdf,Evaluation of Hyperlipasemia and Clinical Signs in 106 Dogs After Hospitalization for Acute Pancreatitis,Kook PH.,J Vet Intern Med.,2025 Sep-Oct;39(5):e70188.,10.1111/jvim.70188,https://pubmed.ncbi.nlm.nih.gov/40747549/
236,0000236.pdf,Trigeminal Nerve Asymmetry in Horses With Idiopathic Trigeminal-Mediated Headshaking,"Heun F, Delarocque J, Feige K, Hellige M.",J Vet Intern Med.,2025 Sep-Oct;39(5):e70196.,10.1111/jvim.70196,https://pubmed.ncbi.nlm.nih.gov/40739903/
237,0000237.pdf,Meigs'-Like Syndrome Secondary to Remnant Ovarian Tissue in a Cat,"Galvani C, Bigi S, Saponaro F, Selmi G, Ganapini M, Longo M, et al.",J Vet Intern Med.,2025 Sep-Oct;39(5):e70168.,10.1111/jvim.70168,https://pubmed.ncbi.nlm.nih.gov/40734509/
238,0000238.pdf,Neurolymphomatosis of T-Cell Origin in a Dog,"Müller MK, Irmscher M, Goldbach N, Haake AFH, Kershaw O, Baloi PA, et al.",J Vet Intern Med.,2025 Jul-Aug;39(4):e70189.,10.1111/jvim.70189,https://pubmed.ncbi.nlm.nih.gov/40702997/
239,0000239.pdf,Clinical and Pathologic Characterization of Proteinuric Kidney Disease in Australian and New Zealand Dogs,"Kopecny L, White JD.",J Vet Intern Med.,2025 Jul-Aug;39(4):e70187.,10.1111/jvim.70187,https://pubmed.ncbi.nlm.nih.gov/40692207/
240,0000240.pdf,Adverse Drug-Drug Interaction Between Phenobarbital and Fluconazole in Two Dogs,"Jaramillo M, Mondino A, Court M, Lewis MJ, Olby NJ, Muñana KR, et al.",J Vet Intern Med.,2025 Jul-Aug;39(4):e70190.,10.1111/jvim.70190,https://pubmed.ncbi.nlm.nih.gov/40682369/
241,0000241.pdf,Longitudinal Assessment and Cost-Benefit Analysis of Prophylactic Fenestration in Chondrodystrophic Dogs,"Low D, Vallios V, Basto T, Charalambous M.",J Vet Intern Med.,2025 Jul-Aug;39(4):e70191.,10.1111/jvim.70191,https://pubmed.ncbi.nlm.nih.gov/40678823/
242,0000242.pdf,Orthodromic Atrioventricular Reentry Bradycardia and Tachycardia Caused by an Accessory Pathway in Horses,"Buschmann E, Easton-Jones C, Van Steenkiste G, De Wilde H, Roberts V, Durando M, et al.",J Vet Intern Med.,2025 Jul-Aug;39(4):e70175.,10.1111/jvim.70175,https://pubmed.ncbi.nlm.nih.gov/40671630/
243,0000243.pdf,An e-Reporting Tool for Facilitating Submission of Veterinary Adverse Drug Reaction Reports,"Davies H, Smyth S, Pinchbeck G, Pirmohamed M, Savory R, Noble PJ, et al.",J Vet Intern Med.,2025 Jul-Aug;39(4):e70173.,10.1111/jvim.70173,https://pubmed.ncbi.nlm.nih.gov/40650501/
244,0000244.pdf,Metabolic Alterations Associated With Rapidly Progressive Chronic Kidney Disease in Cats,"van Mulders L, Vanden Broecke E, Mortier F, de Paepe E, Vanhaecke L, Daminet S.",J Vet Intern Med.,2025 Jul-Aug;39(4):e70170.,10.1111/jvim.70170,https://pubmed.ncbi.nlm.nih.gov/40622820/
245,0000245.pdf,Exploring the Importance of Repeated Health Screening in Healthy Older Dogs,"Marynissen S, Mortier F, Duchateau L, Smets P, Daminet S, Paepe D.",J Vet Intern Med.,2025 Jul-Aug;39(4):e70166.,10.1111/jvim.70166,https://pubmed.ncbi.nlm.nih.gov/40622778/
246,0000246.pdf,"Safety, Efficacy and Doxorubicin Pharmacokinetics During Cannabidiol/Cannabidiolic Acid Rich Hemp Oil Use in Dogs With Lymphoma","Lejeune A, Bechtel S, Milner R, Fagman L, Leal Yepes FA, Wakshlag JJ.",J Vet Intern Med.,2025 Jul-Aug;39(4):e70179.,10.1111/jvim.70179,https://pubmed.ncbi.nlm.nih.gov/40622742/
247,0000247.pdf,A CNTNAP1 Missense Variant Associated With Laryngeal Paralysis and Polyneuropathy in Young Great Dane Dogs,"Shelton GD, Carpentier MC, Kimura YM, Guo LT, Minor KM.",J Vet Intern Med.,2025 Jul-Aug;39(4):e70185,10.1111/jvim.70185,https://pubmed.ncbi.nlm.nih.gov/40622077/
248,0000248.pdf,Continuous Renal Replacement Therapy: Application of KDIGO Guidelines in Dogs With Acute Kidney Injury,"Raskansky H, Bruchim Y, Nivy R.",J Vet Intern Med.,2025 Jul-Aug;39(4):e70183.,10.1111/jvim.70183,https://pubmed.ncbi.nlm.nih.gov/40613773/
249,0000249.pdf,Use of a Modified Transhepatic Rendezvous Technique for Stenting of Malignant Biliary Obstruction in 2 Cats,"Doherty R, Berent AC, Weisse C.",J Vet Intern Med.,2025 Jul-Aug;39(4):e70178.,10.1111/jvim.70178,https://pubmed.ncbi.nlm.nih.gov/40613763/
250,0000250.pdf,Myocardial and Renal Renin-Angiotensin System Enzyme Activity in Dogs,"Weitzhandler EC, Ames MK, Wilson MD, Domenig O.",J Vet Intern Med.,2025 Jul-Aug;39(4):e70181.,10.1111/jvim.70181,https://pubmed.ncbi.nlm.nih.gov/40601867/
251,0000251.pdf,Subjective Assessment of Right Heart Size and Function Using Standard 2D-Echo in Horses,"van Spijk JN, Junge HK, Eberhardt C, Wolf N, Vogt D, Zscherpe P, et al.",J Vet Intern Med.,2025 Jul-Aug;39(4):e70145.,10.1111/jvim.70145,https://pubmed.ncbi.nlm.nih.gov/40586330/
252,0000252.pdf,Prednisolone vs Cyclosporine (Open Label) for Presumed Chronic Pancreatitis in Cats,"Wu YA, Lidbury JA, Sinha S, Steiner JM.",J Vet Intern Med.,2025 Jul-Aug;39(4):e70163.,10.1111/jvim.70163,https://pubmed.ncbi.nlm.nih.gov/40577334/
253,0000253.pdf,Investigation of Clinician-Determined Variables Associated With Progressive Myelomalacia,"Donoghue E, Mankin J, Jeffery N.",J Vet Intern Med.,2025 Jul-Aug;39(4):e70180.,10.1111/jvim.70180,https://pubmed.ncbi.nlm.nih.gov/40577200/
254,0000254.pdf,Utility of a Modified Penlight-Cover Test for Neurolocalization in Dogs & Cats With Vestibular Disease,"Chan A, Longson GE, Ives E, Turner C, Freeman P, Brady S, et al.",J Vet Intern Med.,2025 Jul-Aug;39(4):e70182.,10.1111/jvim.70182,https://pubmed.ncbi.nlm.nih.gov/40577055/
255,0000255.pdf,Longitudinal Assessment of QT Apex in Tumor-Bearing Dogs Receiving Doxorubicin,"Kitagawa K, Ryave J, Sanders RA, Lee JH, Zhang Z, Vilar Saavedra P.",J Vet Intern Med.,2025 Jul-Aug;39(4):e70169.,10.1111/jvim.70169,https://pubmed.ncbi.nlm.nih.gov/40574490/
256,0000256.pdf,Esophageal Candidiasis in Two Dogs With Megaesophagus,"Anderson KL, Tefft KM.",J Vet Intern Med.,2025 Jul-Aug;39(4):e70184.,10.1111/jvim.70184,https://pubmed.ncbi.nlm.nih.gov/40570295/
257,0000257.pdf,Pharmacokinetics of Orally Administered Phenazopyridine in Goats With Obstructive Urolithiasis,"Mitman SL, Mzyk DA, Camacho BE, Council-Troche RM, Davis J, Foster DM, et al.",J Vet Intern Med.,2025 Jul-Aug;39(4):e70167.,10.1111/jvim.70167,https://pubmed.ncbi.nlm.nih.gov/40570160/
258,0000258.pdf,Clinical Presentation and Diagnosis of Multisystemic Eosinophilic Epitheliotropic Disease in a Miniature Donkey,"Enriquez CK, Long AE, de Solis CN, Habecker PL, Nolen-Walston R.",J Vet Intern Med.,2025 Jul-Aug;39(4):e70172.,10.1111/jvim.70172,https://pubmed.ncbi.nlm.nih.gov/40546083/
259,0000259.pdf,Freestyle Libre-Derived Metrics in Assessing Glycemic Control in Diabetic Dogs,"Del Baldo F, Tardo AM, Gilor C, Mott J, Da Vela C, Pergolese V, et al.",J Vet Intern Med.,2025 Jul-Aug;39(4):e70151.,10.1111/jvim.70151,https://pubmed.ncbi.nlm.nih.gov/40530881/
260,0000260.pdf,Major Complications Associated With Cerebrospinal Fluid Collection in 11 Dogs,"Danciu CG, McCarthy A, Crawford A.",J Vet Intern Med.,2025 Jul-Aug;39(4):e70165.,10.1111/jvim.70165,https://pubmed.ncbi.nlm.nih.gov/40526210/
261,0000261.pdf,Prevalence and Whole Genome Sequence Analysis of Mycoplasma bovis From Bulk Tank Milk in Tennessee,"Gelgie AE, Gelalcha BD, Christensen D, Freeman T, Beever JE, Dego OK.",J Vet Intern Med.,2025 Jul-Aug;39(4):e70164.,10.1111/jvim.70164,https://pubmed.ncbi.nlm.nih.gov/40525812/
262,0000262.pdf,Caesarean Section,WSAVA Pain Commitee,,,,
263,0000263.pdf,Cancer Pain,WSAVA Pain Commitee,,,,
264,0000264.pdf,Castration and Ovariohysterectomy/Ovariectomy : Dogs,WSAVA Pain Commitee,,,,
265,0000265.pdf,Castration and Ovariohysterectomy/Ovariectomy : Cats,WSAVA Pain Commitee,,,,
266,0000266.pdf,Degenerative joint disease,WSAVA Global Pain Council,,,,
267,0000267.pdf,Emergency and Critical Care,WSAVA Pain Commitee,,,,
268,0000268.pdf,WSAVA guidelines for the control of reproduction in dogs and cats,"S. Romagnoli, N. Krekeler, K. De Cramer, M. Kutzler, R. McCarthy, S. Schaefer-Somi",Journal of Small Animal Practice,2024 Jul;65(7):424-559,10.1111/jsap.13724,
269,0000269.pdf,Medical Pain,WSAVA Pain Commitee,,,,
270,0000270.pdf,Neuropathic Pain,WSAVA Pain Commitee,,,,
271,0000271.pdf,Orthopedic Surgery,WSAVA Pain Commitee,,,,
272,0000272.pdf,Pediatric Pain,WSAVA Pain Commitee,,,,
273,0000273.pdf,Pregnant or lactating patients,WSAVA Global Pain Council,,,,
274,0000274.pdf,Soft Tissue Surgery,WSAVA Pain Commitee,,,,
275,0000275.pdf,"Endoscopic, Biopsy, and Histopathologic Guidelines for the Evaluation of Gastrointestinal Inflammation in Companion Animals","R.J. Washabau, M.J. Day, M.D. Willard, E.J. Hall, A.E. Jergens, J. Mansell, T. Minami, and T.W. Bilzer",J Vet Intern Med,2010 Jan-Feb;24(1):10-26,10.1111/j.1939-1676.2009.0443.x,
276,0000276.pdf,Perceived level of pain associated with various conditions,WSAVA Global Pain Council,,,,
277,0000277.pdf,Nutrition Assessment Guidelines,"Freeman L., Becvarova I., Cave N., MacKay C., Nguyen P., Rama B., et al.",J Feline Med Surg,2011 Jul;13(7):516-25,10.1016/j.jfms.2011.05.009,
278,0000278.pdf,2024 guidelines for the vaccination of dogs and cats – compiled by the Vaccination Guidelines Group (VGG) of the World Small Animal Veterinary Association (WSAVA),"R.A. Squires, C. Crawford, M. Marcondes, N. Whitley",Journal of Small Animal Practice,2024 May;65(5):277-316,10.1111/jsap.13718,
